{
  "profiles": {
    "agent_c": {
      "player_id": "agent_c",
      "name": "agent_c",
      "statistics": {
        "hands_played": 1245,
        "vpip": 5.301204819277109,
        "pfr": 3.5341365461847385,
        "limp_frequency": 0.4016064257028112,
        "three_bet_pct": 2.564102564102564,
        "fold_to_three_bet": 33.33333333333333,
        "cbet_flop_pct": 43.47826086956522,
        "cbet_turn_pct": 40.0,
        "cbet_river_pct": 0.0,
        "aggression_factor": 2.188679245283019,
        "river_aggression": 1.5,
        "wtsd": 0.0,
        "wsd": 0.0,
        "ev_adjusted_total": 32895.0,
        "showdown_count": 213,
        "avg_bet_sizing": 71.17359431146195,
        "avg_raise_sizing": 195.5443794351364,
        "_vpip_hands": 66,
        "_pfr_hands": 44,
        "_limp_hands": 5,
        "_three_bet_opportunities": 390,
        "_three_bet_count": 10,
        "_fold_to_3bet_opportunities": 12,
        "_fold_to_3bet_count": 4,
        "_cbet_flop_opportunities": 23,
        "_cbet_flop_count": 10,
        "_cbet_turn_opportunities": 5,
        "_cbet_turn_count": 2,
        "_cbet_river_opportunities": 1,
        "_cbet_river_count": 0,
        "_bets_and_raises": 116,
        "_calls": 53,
        "_saw_flop_count": 329,
        "_wtsd_count": 0,
        "_wsd_count": 0,
        "_bet_sizing_total": 4839.804413179413,
        "_bet_sizing_count": 68,
        "_raise_sizing_total": 9386.130212886546,
        "_raise_sizing_count": 48,
        "_river_bets_and_raises": 9,
        "_river_calls": 6
      },
      "tendencies": []
    },
    "agent_d": {
      "player_id": "agent_d",
      "name": "agent_d",
      "statistics": {
        "hands_played": 1245,
        "vpip": 29.156626506024097,
        "pfr": 11.80722891566265,
        "limp_frequency": 13.815261044176708,
        "three_bet_pct": 7.368421052631578,
        "fold_to_three_bet": 4.166666666666666,
        "cbet_flop_pct": 36.95652173913043,
        "cbet_turn_pct": 51.61290322580645,
        "cbet_river_pct": 37.5,
        "aggression_factor": 0.6429980276134122,
        "river_aggression": 0.9428571428571428,
        "wtsd": 0.0,
        "wsd": 0.0,
        "ev_adjusted_total": 44820.0,
        "showdown_count": 195,
        "avg_bet_sizing": 58.35660961187958,
        "avg_raise_sizing": 183.08405636384438,
        "_vpip_hands": 363,
        "_pfr_hands": 147,
        "_limp_hands": 172,
        "_three_bet_opportunities": 95,
        "_three_bet_count": 7,
        "_fold_to_3bet_opportunities": 48,
        "_fold_to_3bet_count": 2,
        "_cbet_flop_opportunities": 92,
        "_cbet_flop_count": 34,
        "_cbet_turn_opportunities": 31,
        "_cbet_turn_count": 16,
        "_cbet_river_opportunities": 8,
        "_cbet_river_count": 3,
        "_bets_and_raises": 326,
        "_calls": 507,
        "_saw_flop_count": 286,
        "_wtsd_count": 0,
        "_wsd_count": 0,
        "_bet_sizing_total": 9920.623634019528,
        "_bet_sizing_count": 170,
        "_raise_sizing_total": 28561.112792759723,
        "_raise_sizing_count": 156,
        "_river_bets_and_raises": 33,
        "_river_calls": 35
      },
      "tendencies": []
    },
    "agent_e": {
      "player_id": "agent_e",
      "name": "agent_e",
      "statistics": {
        "hands_played": 1245,
        "vpip": 25.060240963855424,
        "pfr": 22.811244979919678,
        "limp_frequency": 2.4096385542168677,
        "three_bet_pct": 36.734693877551024,
        "fold_to_three_bet": 30.666666666666664,
        "cbet_flop_pct": 78.72340425531915,
        "cbet_turn_pct": 90.81632653061224,
        "cbet_river_pct": 81.53846153846153,
        "aggression_factor": 6.448979591836735,
        "river_aggression": 17.5,
        "wtsd": 0.0,
        "wsd": 0.0,
        "ev_adjusted_total": -8090.0,
        "showdown_count": 163,
        "avg_bet_sizing": 43.893418492372575,
        "avg_raise_sizing": 167.24145594705863,
        "_vpip_hands": 312,
        "_pfr_hands": 284,
        "_limp_hands": 30,
        "_three_bet_opportunities": 49,
        "_three_bet_count": 18,
        "_fold_to_3bet_opportunities": 75,
        "_fold_to_3bet_count": 23,
        "_cbet_flop_opportunities": 141,
        "_cbet_flop_count": 111,
        "_cbet_turn_opportunities": 98,
        "_cbet_turn_count": 89,
        "_cbet_river_opportunities": 65,
        "_cbet_river_count": 53,
        "_bets_and_raises": 632,
        "_calls": 98,
        "_saw_flop_count": 157,
        "_wtsd_count": 0,
        "_wsd_count": 0,
        "_bet_sizing_total": 12026.796666910086,
        "_bet_sizing_count": 274,
        "_raise_sizing_total": 59872.44122904699,
        "_raise_sizing_count": 358,
        "_river_bets_and_raises": 70,
        "_river_calls": 4
      },
      "tendencies": []
    },
    "agent_a": {
      "player_id": "agent_a",
      "name": "agent_a",
      "statistics": {
        "hands_played": 1245,
        "vpip": 19.116465863453815,
        "pfr": 18.714859437751006,
        "limp_frequency": 0.0,
        "three_bet_pct": 92.85714285714286,
        "fold_to_three_bet": 0.0,
        "cbet_flop_pct": 99.1304347826087,
        "cbet_turn_pct": 100.0,
        "cbet_river_pct": 100.0,
        "aggression_factor": 20.416666666666668,
        "river_aggression": 10.0,
        "wtsd": 0.0,
        "wsd": 0.0,
        "ev_adjusted_total": -45037.5,
        "showdown_count": 144,
        "avg_bet_sizing": 78.38678834332148,
        "avg_raise_sizing": 271.46156834468934,
        "_vpip_hands": 238,
        "_pfr_hands": 233,
        "_limp_hands": 0,
        "_three_bet_opportunities": 84,
        "_three_bet_count": 78,
        "_fold_to_3bet_opportunities": 50,
        "_fold_to_3bet_count": 0,
        "_cbet_flop_opportunities": 115,
        "_cbet_flop_count": 114,
        "_cbet_turn_opportunities": 74,
        "_cbet_turn_count": 74,
        "_cbet_river_opportunities": 29,
        "_cbet_river_count": 29,
        "_bets_and_raises": 490,
        "_calls": 24,
        "_saw_flop_count": 116,
        "_wtsd_count": 0,
        "_wsd_count": 0,
        "_bet_sizing_total": 14501.555843514474,
        "_bet_sizing_count": 185,
        "_raise_sizing_total": 82795.77834513025,
        "_raise_sizing_count": 305,
        "_river_bets_and_raises": 29,
        "_river_calls": 0
      },
      "tendencies": []
    },
    "agent_b": {
      "player_id": "agent_b",
      "name": "agent_b",
      "statistics": {
        "hands_played": 1245,
        "vpip": 32.04819277108434,
        "pfr": 0.0,
        "limp_frequency": 17.188755020080322,
        "three_bet_pct": 0.0,
        "fold_to_three_bet": 0.0,
        "cbet_flop_pct": 0.0,
        "cbet_turn_pct": 0.0,
        "cbet_river_pct": 0.0,
        "aggression_factor": 0.0012077294685990338,
        "river_aggression": 0.012195121951219513,
        "wtsd": 0.0,
        "wsd": 0.0,
        "ev_adjusted_total": -13737.5,
        "showdown_count": 261,
        "avg_bet_sizing": 50.0,
        "avg_raise_sizing": 0.0,
        "_vpip_hands": 399,
        "_pfr_hands": 0,
        "_limp_hands": 214,
        "_three_bet_opportunities": 180,
        "_three_bet_count": 0,
        "_fold_to_3bet_opportunities": 0,
        "_fold_to_3bet_count": 0,
        "_cbet_flop_opportunities": 0,
        "_cbet_flop_count": 0,
        "_cbet_turn_opportunities": 0,
        "_cbet_turn_count": 0,
        "_cbet_river_opportunities": 0,
        "_cbet_river_count": 0,
        "_bets_and_raises": 1,
        "_calls": 828,
        "_saw_flop_count": 387,
        "_wtsd_count": 0,
        "_wsd_count": 0,
        "_bet_sizing_total": 50.0,
        "_bet_sizing_count": 1,
        "_raise_sizing_total": 0.0,
        "_raise_sizing_count": 0,
        "_river_bets_and_raises": 1,
        "_river_calls": 82
      },
      "tendencies": []
    }
  }
}